종목코드,label1,label2,label3,label4
A000020,2,4,0,2
A000040,2,4,0,2
A000050,2,0,0,2
A000070,2,4,0,2
A000080,2,0,0,2
A000100,2,0,0,2
A000120,2,0,0,2
A000140,2,0,0,2
A000150,0,4,2,0
A000180,2,0,0,2
A000210,2,0,0,2
A000220,2,0,0,2
A000230,2,0,2,2
A000240,2,0,0,2
A000250,2,4,2,0
A000270,2,0,0,2
A000300,0,4,0,2
A000320,2,0,0,2
A000370,2,0,0,2
A000390,2,4,0,2
A000400,2,0,0,2
A000430,2,4,2,0
A000440,2,0,2,2
A000480,2,0,0,2
A000490,2,0,2,2
A000500,2,0,0,2
A000520,2,0,2,2
A000540,2,0,0,2
A000590,2,0,0,2
A000640,2,0,0,2
A000650,2,0,0,2
A000660,2,4,0,2
A000670,2,4,2,2
A000680,2,0,0,2
A000700,2,0,0,2
A000720,2,0,0,2
A000760,2,0,0,0
A000810,2,0,0,2
A000850,2,0,0,2
A000860,2,0,0,2
A000880,2,0,0,2
A000890,2,0,0,2
A000910,2,4,0,0
A000950,2,0,0,2
A000970,2,0,0,2
A000990,0,4,0,0
A001000,2,4,2,2
A001020,2,0,0,2
A001040,2,0,0,2
A001060,2,0,0,2
A001070,2,0,0,2
A001080,2,0,2,0
A001120,2,0,2,2
A001130,2,0,0,2
A001140,2,0,0,1
A001200,2,4,0,2
A001230,2,0,0,2
A001250,2,0,0,2
A001260,2,0,0,2
A001270,2,0,0,2
A001290,2,4,0,2
A001340,2,0,0,0
A001360,2,4,0,2
A001380,2,4,2,2
A001390,2,0,0,0
A001430,2,4,2,0
A001440,2,0,0,1
A001450,2,0,0,2
A001460,2,0,0,2
A001470,2,0,0,2
A001500,2,4,0,2
A001510,2,4,0,2
A001520,2,4,0,2
A001530,0,4,0,0
A001540,2,4,2,2
A001550,2,0,0,2
A001560,2,0,0,2
A001570,2,0,2,0
A001620,2,4,0,2
A001630,2,4,0,2
A001680,2,0,0,2
A001720,2,0,0,2
A001740,2,0,0,2
A001750,2,4,0,2
A001780,2,0,0,2
A001790,2,0,0,2
A001800,2,0,0,2
A001810,2,0,0,2
A001820,2,4,0,2
A001840,2,0,0,2
A001880,2,4,0,2
A001940,2,0,0,2
A002020,2,4,0,2
A002030,2,0,0,2
A002100,2,0,0,2
A002140,2,0,0,2
A002150,2,0,0,2
A002170,2,0,0,2
A002200,2,0,2,2
A002210,2,0,0,2
A002220,2,0,0,2
A002230,2,0,0,2
A002240,2,0,0,2
A002290,2,0,2,2
A002310,2,4,0,2
A002320,2,0,0,2
A002350,2,4,2,0
A002360,2,0,0,2
A002380,2,0,0,2
A002390,2,4,0,2
A002410,0,4,0,2
A002450,2,4,0,2
A002460,2,0,0,2
A002600,2,0,0,2
A002620,2,4,2,0
A002630,2,4,0,2
A002680,2,0,0,2
A002690,2,0,0,2
A002700,2,0,0,2
A002710,0,0,0,0
A002720,2,0,2,2
A002760,2,0,0,2
A002780,2,4,0,2
A002790,2,0,0,2
A002800,2,4,2,2
A002810,2,0,0,2
A002840,2,0,0,2
A002880,0,4,0,2
A002900,2,0,2,3
A002920,2,0,0,2
A002960,2,0,0,2
A002990,2,4,0,2
A003000,2,4,0,2
A003010,2,0,0,2
A003030,0,0,2,2
A003060,2,4,0,2
A003070,2,4,2,2
A003080,2,0,0,2
A003090,2,0,0,2
A003100,0,0,2,2
A003120,2,0,2,0
A003160,0,4,0,2
A003200,2,0,0,2
A003220,2,0,2,2
A003230,2,0,2,2
A003240,2,0,0,2
A003280,3,0,0,2
A003300,2,0,0,2
A003310,2,0,0,2
A003350,2,0,2,2
A003380,2,0,0,2
A003410,2,0,0,2
A003460,2,0,0,2
A003470,2,4,0,2
A003480,2,0,0,2
A003490,2,0,0,2
A003520,2,4,0,2
A003530,2,4,0,2
A003540,2,0,0,2
A003550,2,0,0,2
A003560,2,4,0,2
A003570,2,4,2,0
A003580,0,4,0,2
A003610,2,0,2,0
A003620,2,0,3,3
A003650,2,0,0,2
A003670,2,4,2,0
A003690,2,0,0,2
A003720,2,0,2,0
A003780,0,0,0,2
A003800,2,0,0,2
A003830,2,0,0,2
A003850,2,4,0,2
A003920,2,0,2,2
A003960,2,0,2,2
A004000,2,0,0,2
A004020,2,4,0,2
A004060,2,0,0,2
A004080,2,0,0,2
A004090,2,0,0,2
A004100,2,0,0,0
A004140,2,4,0,2
A004150,2,0,0,2
A004170,2,0,0,2
A004250,0,0,0,2
A004270,2,4,0,2
A004310,2,4,0,2
A004360,2,0,2,0
A004370,2,0,2,2
A004380,2,0,0,2
A004410,2,4,0,2
A004430,2,0,0,2
A004440,2,0,0,2
A004450,2,0,0,2
A004490,2,4,0,2
A004540,2,0,0,2
A004560,2,4,0,0
A004590,2,0,0,2
A004650,2,0,0,2
A004690,2,0,2,2
A004700,2,4,0,2
A004710,2,4,0,0
A004720,2,4,0,2
A004770,0,4,0,2
A004780,2,0,0,2
A004800,2,0,0,2
A004830,2,4,0,2
A004840,2,0,0,2
A004870,2,4,0,2
A004890,0,0,0,2
A004910,2,4,2,2
A004920,2,0,0,0
A004960,2,0,0,2
A004970,2,4,0,2
A004980,0,4,2,2
A004990,2,0,0,2
A005010,2,0,0,2
A005070,0,0,2,0
A005090,2,4,0,2
A005110,2,0,2,2
A005160,2,0,2,0
A005180,2,0,0,2
A005250,2,4,0,2
A005290,0,4,0,2
A005300,2,0,0,2
A005320,2,4,0,2
A005360,2,4,0,2
A005380,2,0,0,2
A005390,0,0,0,2
A005420,0,0,2,0
A005430,2,0,0,2
A005440,2,0,0,2
A005490,2,0,2,0
A005500,2,0,0,2
A005610,2,0,0,2
A005670,2,0,0,2
A005680,2,0,0,2
A005690,2,0,0,2
A005710,2,4,0,2
A005720,2,4,0,2
A005740,2,0,0,2
A005750,2,4,0,2
A005800,2,4,0,2
A005810,2,0,0,2
A005820,2,0,0,2
A005830,2,0,0,2
A005850,2,0,0,2
A005860,2,0,0,2
A005870,2,0,0,2
A005880,2,0,0,2
A005930,2,4,0,2
A005940,2,4,0,2
A005950,2,0,2,0
A005960,2,4,0,2
A005990,2,0,0,2
A006040,2,0,0,2
A006050,2,0,2,2
A006060,2,4,0,2
A006090,2,0,0,2
A006110,0,4,2,0
A006120,2,4,0,2
A006140,2,0,0,2
A006200,0,4,0,2
A006220,2,0,2,0
A006260,2,0,2,2
A006280,2,4,0,2
A006340,2,0,0,2
A006360,2,4,0,2
A006370,2,0,0,2
A006390,2,4,0,2
A006400,2,0,2,2
A006490,0,4,0,2
A006570,2,0,0,2
A006580,2,0,0,2
A006620,2,4,0,2
A006650,2,4,2,2
A006660,2,4,0,2
A006730,2,4,0,2
A006740,2,0,2,0
A006800,2,4,0,2
A006840,2,0,0,2
A006880,2,0,0,2
A006890,2,0,0,2
A006910,0,0,0,2
A006980,2,0,0,2
A007070,2,0,0,2
A007110,2,4,0,2
A007120,2,4,2,3
A007160,2,0,0,2
A007210,2,4,0,2
A007280,2,4,0,2
A007310,2,0,0,2
A007330,2,4,2,0
A007340,0,4,2,0
A007370,0,0,2,2
A007390,0,0,2,2
A007460,2,0,0,0
A007530,2,0,0,0
A007540,2,0,0,2
A007570,2,4,0,2
A007590,2,0,0,2
A007610,2,0,0,2
A007660,0,0,0,0
A007680,2,0,0,2
A007690,2,0,0,2
A007700,2,4,2,0
A007720,2,4,0,2
A007770,2,0,2,0
A007810,0,4,0,2
A007820,2,0,0,2
A007860,2,4,2,0
A007980,2,0,2,2
A008040,2,0,0,2
A008060,2,4,0,2
A008110,2,0,2,0
A008250,2,4,0,2
A008260,2,0,0,0
A008350,2,0,0,0
A008370,2,0,0,2
A008420,2,0,0,2
A008490,2,4,0,2
A008700,2,0,0,2
A008730,2,4,2,0
A008770,2,0,2,2
A008830,2,0,2,2
A008870,2,0,2,0
A008930,2,4,0,2
A008970,2,0,0,2
A009070,2,4,0,2
A009150,2,4,0,2
A009160,0,0,0,2
A009180,2,0,0,2
A009190,2,4,0,2
A009200,2,0,0,2
A009240,2,4,0,2
A009270,0,4,0,2
A009290,2,0,0,2
A009300,2,4,2,2
A009320,2,4,0,2
A009410,2,4,0,2
A009420,2,4,2,0
A009440,2,0,0,2
A009450,2,4,0,2
A009460,2,4,0,2
A009470,2,4,0,0
A009520,2,4,2,0
A009540,2,0,0,2
A009580,2,0,2,2
A009620,2,4,0,2
A009680,2,4,0,2
A009730,0,0,0,0
A009770,2,0,0,2
A009780,2,0,0,2
A009810,0,4,0,2
A009830,2,0,2,0
A009900,2,4,0,0
A009970,2,0,2,2
A010040,2,0,0,2
A010050,2,0,0,2
A010060,2,0,0,2
A010100,2,0,0,0
A010120,2,0,0,2
A010130,2,0,2,2
A010140,2,0,0,2
A010170,2,0,2,2
A010240,2,0,0,2
A010280,2,0,0,2
A010470,2,0,2,0
A010580,3,0,2,0
A010600,2,0,0,0
A010620,2,0,0,2
A010640,0,0,0,2
A010660,2,0,2,0
A010690,2,0,0,0
A010770,2,4,2,0
A010780,2,0,0,2
A010820,2,0,2,0
A010950,2,0,0,2
A010960,2,4,0,2
A011000,2,4,0,2
A011040,2,4,0,2
A011070,0,0,0,2
A011150,2,0,0,2
A011170,2,0,0,2
A011200,2,0,0,2
A011210,2,4,0,2
A011230,2,4,0,0
A011280,2,4,0,2
A011300,2,4,2,0
A011320,2,0,0,2
A011330,2,0,0,2
A011370,2,4,0,2
A011390,2,0,0,2
A011420,0,4,0,0
A011500,2,4,0,0
A011560,2,0,0,2
A011690,2,4,0,0
A011700,0,0,0,2
A011760,2,0,0,2
A011780,2,0,0,2
A011790,0,0,0,2
A011810,2,0,2,0
A011930,2,0,0,2
A012030,2,0,0,0
A012160,2,4,0,2
A012170,2,0,0,2
A012200,2,0,0,2
A012280,2,4,0,2
A012320,2,0,2,0
A012330,2,4,0,2
A012340,2,0,0,2
A012450,2,0,2,0
A012510,2,4,0,2
A012600,2,0,0,2
A012610,2,0,0,2
A012630,2,4,0,2
A012690,2,0,0,2
A012700,2,0,0,2
A012750,2,0,0,2
A012790,2,4,0,2
A012800,2,4,0,2
A012860,2,4,0,0
A013030,2,0,2,2
A013120,2,4,0,2
A013310,2,0,0,0
A013360,0,4,0,2
A013520,2,0,0,0
A013570,2,0,0,2
A013580,2,4,0,2
A013700,2,4,2,2
A013720,2,4,0,2
A013810,2,0,0,2
A013870,2,0,0,2
A013890,2,4,0,2
A013990,2,4,2,2
A014130,2,0,0,2
A014160,2,4,0,2
A014190,2,4,0,2
A014200,2,0,0,2
A014280,2,0,0,2
A014440,2,0,0,2
A014470,2,0,0,2
A014530,2,0,0,2
A014570,2,0,0,2
A014580,2,0,2,0
A014620,2,0,2,2
A014680,2,4,0,2
A014710,2,0,0,2
A014790,2,4,0,2
A014820,2,0,0,2
A014830,0,0,0,2
A014910,2,4,0,0
A014940,2,0,0,2
A014970,2,0,0,2
A014990,2,4,2,0
A015230,2,0,2,2
A015260,0,0,0,2
A015360,2,0,0,2
A015540,2,0,0,2
A015590,2,0,0,0
A015710,2,4,2,2
A015750,2,4,2,0
A015760,2,0,0,2
A015860,2,0,0,2
A015890,2,0,0,2
A016090,2,0,0,2
A016100,2,0,2,0
A016250,2,4,0,2
A016360,2,4,0,2
A016380,2,0,0,2
A016450,2,4,0,2
A016580,2,0,0,2
A016590,2,0,0,2
A016600,2,0,0,2
A016610,2,4,0,2
A016710,2,0,2,2
A016740,2,4,0,2
A016790,2,0,0,0
A016800,2,0,0,2
A016880,2,0,0,2
A017000,0,4,0,2
A017040,2,0,0,2
A017180,2,4,0,2
A017370,2,4,2,0
A017390,2,0,2,2
A017480,2,0,0,2
A017510,2,0,0,2
A017550,2,0,0,2
A017650,2,4,0,2
A017670,2,0,0,2
A017800,2,4,0,0
A017810,2,4,0,2
A017890,2,4,0,2
A017900,0,4,0,0
A017940,2,0,0,2
A017960,2,0,0,2
A018000,2,0,0,2
A018120,2,4,0,2
A018250,2,4,2,0
A018260,2,0,0,2
A018290,2,4,0,2
A018310,2,0,0,2
A018470,0,4,2,0
A018500,2,0,2,2
A018620,2,0,0,2
A018670,2,0,0,2
A018680,2,4,2,2
A018700,0,4,2,2
A018880,2,4,0,2
A019010,2,0,0,2
A019170,2,4,2,2
A019180,0,4,2,2
A019210,2,0,0,2
A019440,2,0,2,0
A019540,2,4,0,0
A019550,2,0,0,2
A019570,2,0,0,3
A019590,0,4,2,2
A019660,2,0,0,2
A019680,2,4,0,2
A019770,2,0,0,2
A019990,2,0,2,2
A020000,2,0,0,2
A020120,2,4,2,2
A020150,0,4,0,2
A020560,2,4,0,2
A020710,2,0,0,2
A020760,2,0,0,2
A021050,2,4,0,2
A021080,2,4,0,2
A021240,2,0,0,2
A021320,2,0,0,2
A021650,2,4,0,2
A021820,2,0,0,2
A021880,2,0,0,2
A022100,2,4,2,0
A022220,2,0,0,2
A023000,2,0,0,2
A023150,2,0,0,2
A023160,2,0,2,0
A023350,2,0,0,2
A023410,2,4,0,2
A023440,2,0,2,0
A023450,2,0,0,2
A023460,2,4,2,2
A023530,2,0,0,2
A023590,2,4,0,2
A023600,2,4,0,2
A023760,2,0,0,2
A023770,0,4,0,2
A023800,2,4,0,2
A023810,0,4,0,2
A023900,2,0,0,2
A023910,2,0,2,2
A023960,2,0,0,0
A024060,2,0,0,2
A024070,2,0,0,2
A024090,0,0,0,2
A024110,2,0,0,2
A024120,2,0,0,2
A024720,2,0,0,2
A024740,2,0,0,2
A024800,2,0,0,2
A024810,2,4,0,0
A024830,2,0,2,0
A024840,2,0,0,2
A024850,2,0,0,0
A024880,2,0,2,2
A024890,0,4,2,0
A024900,2,4,0,0
A024910,0,4,0,2
A024940,2,0,2,0
A024950,2,4,0,2
A025000,2,0,0,2
A025320,2,0,0,2
A025440,2,0,0,3
A025530,2,0,2,0
A025540,2,4,0,2
A025550,0,0,0,2
A025560,2,0,2,0
A025750,2,4,0,2
A025770,2,4,2,0
A025820,2,0,2,0
A025860,2,0,0,2
A025880,2,0,0,2
A025900,0,4,0,2
A025950,2,4,0,2
A025980,2,4,0,2
A026040,0,0,0,2
A026150,2,4,0,2
A026890,2,4,0,2
A026940,2,0,0,2
A026960,2,0,0,2
A027050,2,4,2,2
A027360,2,4,0,2
A027410,2,4,0,2
A027580,2,4,0,2
A027710,2,0,0,2
A027740,3,0,0,2
A027830,2,0,2,2
A027970,2,0,0,2
A028050,2,0,0,2
A028080,0,0,2,0
A028100,2,0,0,2
A028260,2,0,0,2
A028300,2,0,0,2
A028670,2,0,0,2
A029460,2,0,0,2
A029480,0,3,2,0
A029530,2,0,0,2
A029780,2,0,0,2
A029960,2,0,0,2
A030000,2,0,0,2
A030190,2,0,0,2
A030200,2,0,0,2
A030210,2,0,0,2
A030350,0,4,0,2
A030520,0,4,0,2
A030530,2,4,0,2
A030610,2,4,0,2
A030960,2,4,2,0
A031310,2,4,0,2
A031330,0,0,0,2
A031430,2,4,0,2
A031440,2,4,0,2
A031510,2,4,0,2
A031820,2,0,0,0
A031860,2,0,0,0
A031980,0,4,0,2
A032190,2,4,2,0
A032300,0,4,2,2
A032350,2,4,2,2
A032500,2,4,2,2
A032540,0,0,0,2
A032560,2,0,0,2
A032580,2,0,0,0
A032620,2,4,0,2
A032640,2,0,0,2
A032680,0,4,0,2
A032750,2,4,0,2
A032790,2,0,0,2
A032800,2,2,0,2
A032820,0,0,0,2
A032830,2,0,0,2
A032850,2,4,0,2
A032860,2,0,0,2
A032940,2,0,0,2
A032960,2,4,2,0
A032980,2,0,2,2
A033100,2,0,2,0
A033130,2,4,2,2
A033160,0,4,2,0
A033170,0,4,0,2
A033180,2,4,0,2
A033200,2,4,2,2
A033230,0,4,2,0
A033240,0,0,0,0
A033270,2,4,2,2
A033290,0,4,0,2
A033310,2,4,0,2
A033320,2,4,2,0
A033340,2,0,2,0
A033500,2,0,0,2
A033530,2,4,2,0
A033540,2,4,0,2
A033560,0,0,0,2
A033640,2,4,0,2
A033780,2,0,0,2
A033830,0,4,2,2
A033920,2,0,0,2
A034020,0,0,0,2
A034120,2,0,0,2
A034220,2,4,0,2
A034230,2,0,2,2
A034300,2,4,0,2
A034310,2,0,0,2
A034590,2,0,0,2
A034730,2,0,0,2
A034810,2,4,0,2
A034830,2,4,0,2
A034940,2,4,0,2
A034950,2,0,0,2
A035000,2,4,0,2
A035080,2,3,0,2
A035150,2,0,0,2
A035250,2,0,0,2
A035290,2,3,2,0
A035420,2,4,0,2
A035460,2,0,0,2
A035510,2,4,0,2
A035600,2,4,0,2
A035610,2,4,2,0
A035620,0,4,2,2
A035720,2,4,0,2
A035760,2,4,2,2
A035810,2,0,0,2
A035890,2,0,0,2
A035900,0,0,2,0
A036000,2,0,0,2
A036010,0,0,2,0
A036030,2,4,2,0
A036090,0,4,0,2
A036120,2,0,2,0
A036170,2,4,0,2
A036190,2,0,0,2
A036200,2,4,0,2
A036420,2,4,0,2
A036460,2,0,0,2
A036480,2,0,0,2
A036530,2,0,0,2
A036540,2,4,0,2
A036560,2,0,2,0
A036570,2,4,2,2
A036580,2,0,0,2
A036620,0,4,2,0
A036630,2,0,0,2
A036640,0,0,0,2
A036670,2,0,0,2
A036690,2,4,0,2
A036710,0,4,0,2
A036800,2,0,0,2
A036810,2,4,2,0
A036830,2,4,2,0
A036890,2,0,2,2
A036930,0,0,0,2
A037030,2,4,0,2
A037070,2,4,0,2
A037230,2,4,0,2
A037270,0,4,0,0
A037330,2,4,0,2
A037350,2,0,0,2
A037370,0,4,0,0
A037440,2,0,2,0
A037460,2,4,0,2
A037560,2,0,0,2
A037710,2,4,0,2
A037760,2,0,2,2
A037950,2,0,0,0
A038010,2,0,0,2
A038060,2,0,0,0
A038070,0,4,2,2
A038110,0,0,2,0
A038290,2,0,0,2
A038390,2,0,0,2
A038460,2,4,0,2
A038500,2,0,0,2
A038530,0,4,0,0
A038540,2,0,0,2
A038620,2,4,0,2
A038680,0,4,0,2
A038870,2,0,0,0
A038880,2,4,0,2
A038950,2,4,0,2
A039010,2,0,0,2
A039020,2,4,0,2
A039030,2,4,0,2
A039130,2,4,2,2
A039200,2,0,0,2
A039240,0,4,0,2
A039290,0,4,0,2
A039310,2,4,0,2
A039340,2,4,2,2
A039420,2,4,0,2
A039440,2,4,0,2
A039490,2,4,0,2
A039560,2,4,0,2
A039570,2,4,0,2
A039610,2,0,0,2
A039830,2,0,0,2
A039840,2,4,0,2
A039860,2,4,2,2
A040160,2,4,0,2
A040300,2,0,2,0
A040350,2,0,0,2
A040420,2,0,0,2
A040610,2,0,0,2
A040910,2,4,0,2
A041020,0,4,2,0
A041190,2,4,0,2
A041440,2,0,0,2
A041460,0,4,0,2
A041510,0,0,2,0
A041520,2,4,0,2
A041590,0,0,0,2
A041650,2,0,0,2
A041830,2,0,0,2
A041910,2,4,0,2
A041920,2,4,2,2
A041930,2,4,2,0
A041960,2,0,0,2
A042000,2,4,0,2
A042040,2,4,0,0
A042110,2,0,0,2
A042370,2,4,0,2
A042420,0,4,0,2
A042500,2,4,0,2
A042510,2,4,0,2
A042520,2,0,0,2
A042600,0,0,0,0
A042660,2,0,0,2
A042670,2,4,2,0
A042700,2,4,0,0
A042940,2,0,0,2
A043090,2,0,2,0
A043150,2,0,0,2
A043220,2,4,0,2
A043260,2,0,0,2
A043340,2,0,0,2
A043370,2,4,0,2
A043590,2,4,0,0
A043610,2,4,0,2
A043650,2,0,0,2
A043910,2,0,0,2
A044060,2,0,0,2
A044340,2,4,0,2
A044380,0,4,2,2
A044450,2,0,0,2
A044490,2,0,0,2
A044820,2,4,0,2
A044960,2,4,0,2
A045060,2,0,0,2
A045100,2,0,0,2
A045300,2,0,0,2
A045390,2,4,0,2
A045520,2,4,0,2
A045660,2,4,0,2
A045970,2,4,0,0
A046070,2,4,0,2
A046120,2,0,0,2
A046140,2,4,0,2
A046210,2,0,2,0
A046310,2,4,2,2
A046390,2,0,2,2
A046440,2,4,0,2
A046890,2,4,0,2
A046940,2,0,0,2
A047040,2,0,0,2
A047050,2,0,2,0
A047080,2,4,2,2
A047310,2,4,0,2
A047400,2,4,2,0
A047560,0,4,0,0
A047770,2,4,0,0
A047810,2,0,0,2
A047820,0,2,0,2
A047920,2,0,0,0
A048260,0,4,2,0
A048410,2,0,2,2
A048430,2,4,2,0
A048530,2,4,0,2
A048550,0,4,0,2
A048770,2,0,0,2
A048870,2,0,0,2
A048910,2,4,2,0
A049070,2,0,2,0
A049080,2,4,2,0
A049120,2,4,0,2
A049180,2,4,2,0
A049430,2,0,0,2
A049480,0,4,0,2
A049520,2,0,2,0
A049550,2,0,0,2
A049630,0,4,0,2
A049720,2,0,0,2
A049770,2,4,0,2
A049800,2,4,0,2
A049830,2,0,2,2
A049950,2,4,0,0
A049960,2,4,0,2
A050110,2,0,0,2
A050120,2,0,2,2
A050860,2,0,0,2
A050890,2,4,2,2
A050960,2,4,2,2
A051160,2,4,0,2
A051360,2,0,0,2
A051370,0,4,0,2
A051380,0,4,0,2
A051490,2,4,0,0
A051500,2,0,0,2
A051600,2,0,0,2
A051630,0,0,0,2
A051780,2,0,0,2
A051900,2,4,0,2
A051910,2,0,2,2
A051980,2,0,2,0
A052020,2,0,2,0
A052220,2,4,2,0
A052260,2,4,2,2
A052300,2,4,0,2
A052330,2,0,0,2
A052400,2,4,0,2
A052420,2,0,0,2
A052460,2,0,0,2
A052600,2,0,0,2
A052670,2,4,0,2
A052690,0,0,0,2
A052710,2,0,2,2
A052790,0,4,0,2
A052860,2,4,0,2
A052900,2,4,0,2
A053030,2,0,0,2
A053050,0,0,0,2
A053080,2,4,0,2
A053160,2,4,0,2
A053210,2,0,0,2
A053260,2,0,2,2
A053270,2,0,0,2
A053280,2,4,0,2
A053290,2,4,0,2
A053300,2,4,0,2
A053350,2,4,0,2
A053450,0,0,0,2
A053580,2,4,0,2
A053590,2,4,0,2
A053610,2,0,0,2
A053620,2,0,0,2
A053690,2,0,2,0
A053700,2,4,2,0
A053800,0,0,0,2
A053950,2,4,2,2
A053980,2,4,2,0
A054040,2,4,0,2
A054050,2,0,0,2
A054090,2,0,0,2
A054180,2,4,1,1
A054210,0,0,0,2
A054450,2,0,0,2
A054540,2,0,0,2
A054620,2,4,2,0
A054670,2,0,0,2
A054780,2,4,2,2
A054800,2,0,0,2
A054920,2,4,0,2
A054930,2,0,2,0
A054950,2,0,2,0
A055490,0,0,0,2
A055550,2,0,0,2
A056080,0,0,0,2
A056090,2,0,0,2
A056190,2,0,0,2
A056360,2,0,0,2
A056700,2,0,2,2
A056730,2,0,0,2
A057030,2,4,0,2
A057050,2,4,0,2
A057540,0,0,0,2
A057680,0,4,0,0
A057880,2,0,0,2
A058110,2,4,2,0
A058400,2,4,0,2
A058430,2,4,2,0
A058470,2,4,2,2
A058610,2,0,2,0
A058630,0,4,2,2
A058650,2,0,2,2
A058730,2,0,0,2
A058820,2,4,0,2
A058850,2,4,0,0
A058860,2,0,0,2
A058970,0,4,0,0
A059090,2,4,2,0
A059100,2,0,0,2
A059120,0,0,0,2
A059210,2,4,0,0
A059270,2,4,2,0
A060150,2,4,0,2
A060230,2,3,0,0
A060240,0,4,0,2
A060250,2,4,2,2
A060280,2,0,0,0
A060310,2,0,0,2
A060370,2,0,0,2
A060380,2,4,0,2
A060540,2,0,0,2
A060560,0,0,0,2
A060570,2,4,0,2
A060590,0,0,0,0
A060720,0,4,0,2
A060850,2,4,2,2
A060900,2,0,0,2
A060980,2,4,0,2
A061040,2,0,0,2
A061250,2,0,2,2
A061970,2,4,0,2
A062860,2,0,0,2
A063080,0,4,0,2
A063160,2,4,0,2
A063170,0,4,0,2
A063440,2,4,2,2
A063570,2,0,0,2
A064090,1,0,2,0
A064240,0,4,2,0
A064260,0,4,0,2
A064290,0,4,0,2
A064350,2,0,2,0
A064480,2,0,0,0
A064520,2,2,0,2
A064550,0,4,2,0
A064760,2,4,0,2
A064800,2,4,0,2
A064820,2,0,0,2
A064850,2,4,2,2
A064960,2,0,0,2
A065130,2,4,0,2
A065150,2,4,0,2
A065170,2,4,0,2
A065350,0,4,0,2
A065370,0,4,2,0
A065440,2,0,2,2
A065450,2,0,2,2
A065510,2,0,0,0
A065530,2,0,0,2
A065560,2,0,0,2
A065650,2,4,0,0
A065660,0,4,0,2
A065680,0,4,0,2
A065710,2,0,0,2
A065950,2,4,0,2
A066130,2,4,0,2
A066310,0,4,0,2
A066360,2,0,0,2
A066410,0,4,2,2
A066570,2,4,0,2
A066590,2,4,0,2
A066620,2,4,0,2
A066670,0,4,0,0
A066700,2,4,2,0
A066900,2,4,0,2
A066910,2,0,0,2
A066970,0,0,0,0
A066980,2,4,2,2
A067000,0,4,0,2
A067080,2,4,2,0
A067160,0,4,0,2
A067170,2,4,0,2
A067280,2,0,0,2
A067290,2,0,0,2
A067310,0,4,0,0
A067370,2,4,0,2
A067390,2,0,0,2
A067570,2,4,0,2
A067630,0,0,0,2
A067830,2,0,0,2
A067900,2,0,0,2
A067920,2,4,0,2
A067990,2,0,0,2
A068050,2,4,2,0
A068240,0,0,0,2
A068270,2,0,0,2
A068290,2,4,0,2
A068330,2,4,0,2
A068400,2,4,0,2
A068760,2,4,0,2
A068790,2,4,2,2
A068930,2,0,0,2
A069080,2,4,0,2
A069110,2,0,0,2
A069260,2,0,0,2
A069410,0,4,0,0
A069460,2,4,0,2
A069510,2,4,2,2
A069540,2,0,0,2
A069620,2,0,0,2
A069640,2,0,0,2
A069730,2,0,0,2
A069920,2,0,2,2
A069960,2,0,0,2
A070960,2,0,0,2
A071050,2,4,0,2
A071090,2,0,0,2
A071200,2,4,2,2
A071280,2,0,2,0
A071320,2,0,0,2
A071460,2,0,0,2
A071670,2,0,0,2
A071840,2,4,0,2
A071970,2,0,2,0
A072020,2,0,0,2
A072130,0,4,0,0
A072470,2,4,2,0
A072710,2,0,0,2
A072770,2,4,0,0
A072870,2,0,0,2
A072990,2,4,0,2
A073010,2,0,0,2
A073110,2,0,0,2
A073240,2,4,0,0
A073490,2,4,2,2
A073560,2,0,0,2
A073570,2,0,3,3
A073640,2,0,0,0
A074430,2,0,0,2
A074600,2,0,0,2
A074610,2,4,2,0
A075180,2,0,0,2
A075580,2,0,0,2
A075970,2,0,0,0
A076080,2,4,2,0
A076610,2,4,0,2
A077360,0,4,0,2
A077500,2,4,0,2
A077970,2,0,0,2
A078000,2,0,0,2
A078020,2,4,0,2
A078070,2,0,0,2
A078130,2,4,0,2
A078140,2,0,2,2
A078150,2,4,0,0
A078160,2,0,0,2
A078340,0,4,0,2
A078350,0,4,0,2
A078520,2,0,2,0
A078590,2,0,0,2
A078600,0,4,2,0
A078890,0,4,0,2
A078930,2,0,0,2
A078940,0,0,0,2
A079160,2,0,0,2
A079170,2,0,2,0
A079370,2,0,2,0
A079430,2,4,0,2
A079550,0,0,2,2
A079810,2,0,2,0
A079940,2,0,0,2
A079960,2,4,2,2
A079970,2,4,0,2
A079980,2,4,0,2
A080000,2,4,2,0
A080010,2,4,0,2
A080160,2,4,2,2
A080220,2,4,0,0
A080420,2,0,0,2
A080470,2,0,0,2
A080520,2,0,0,2
A080580,2,0,0,2
A080720,2,4,2,2
A081000,2,4,0,2
A081150,2,0,0,2
A081580,2,4,0,2
A081660,2,4,2,2
A082210,2,4,0,2
A082270,2,4,0,2
A082640,2,0,0,2
A082660,2,0,0,0
A082740,2,0,0,2
A082800,2,0,0,0
A082850,2,4,0,2
A082920,2,4,2,0
A083310,2,4,0,0
A083420,2,0,2,0
A083450,0,4,0,2
A083470,0,0,2,0
A083500,0,4,0,2
A083550,2,4,0,2
A083650,2,0,2,0
A083660,2,0,0,0
A083790,2,4,0,0
A083930,2,0,2,0
A084010,2,0,0,2
A084110,2,4,0,2
A084180,2,4,2,2
A084370,2,4,0,2
A084650,0,4,2,2
A084670,2,0,0,2
A084680,2,4,0,2
A084690,2,0,0,2
A084730,0,4,0,2
A084850,2,4,0,2
A084990,2,0,0,2
A085310,2,0,0,2
A085370,0,0,2,0
A085620,2,4,0,2
A085660,2,4,0,2
A085670,0,4,2,0
A085810,2,4,2,2
A085910,2,0,0,2
A086040,2,0,2,2
A086280,2,0,0,2
A086390,0,4,0,2
A086450,2,0,0,2
A086520,0,4,2,0
A086670,2,0,2,2
A086710,2,4,2,0
A086790,2,0,0,2
A086820,2,4,0,2
A086890,2,0,0,2
A086900,2,4,2,0
A086960,0,4,2,2
A086980,0,0,0,2
A087010,2,0,0,2
A087260,2,4,0,2
A087600,0,4,0,2
A088130,2,4,0,2
A088290,2,0,0,2
A088350,2,4,2,2
A088390,0,4,2,0
A088800,2,4,2,2
A088910,2,0,0,2
A089010,2,4,0,2
A089030,2,4,0,2
A089140,2,4,0,3
A089150,2,0,0,2
A089230,2,4,0,2
A089470,2,4,0,2
A089590,2,0,0,2
A089600,2,4,2,2
A089790,0,4,0,2
A089850,0,4,0,2
A089890,0,4,2,0
A089970,2,4,0,2
A089980,2,4,0,2
A090080,0,0,0,0
A090150,0,4,0,2
A090350,2,4,0,2
A090360,2,4,0,0
A090370,2,0,3,3
A090410,0,0,0,2
A090430,2,4,2,2
A090460,2,0,0,2
A090470,2,0,2,0
A090710,2,0,0,2
A090850,2,4,0,2
A091090,2,4,2,2
A091120,0,0,0,2
A091340,2,4,0,2
A091580,2,0,0,0
A091590,2,0,2,0
A091700,2,4,0,2
A091810,2,4,2,0
A091990,2,0,0,2
A092040,2,4,0,2
A092070,2,4,0,2
A092130,2,0,0,2
A092190,2,4,0,2
A092200,2,4,0,0
A092220,0,4,0,2
A092230,2,0,0,2
A092300,2,4,2,0
A092440,2,0,0,2
A092460,2,0,0,2
A092730,2,4,0,2
A092780,2,4,0,2
A092870,2,4,0,2
A093050,2,0,0,2
A093190,2,0,2,2
A093230,2,2,0,0
A093240,2,4,0,2
A093320,2,0,0,2
A093370,0,0,0,2
A093520,0,0,0,0
A093640,0,0,2,0
A093920,2,0,0,2
A094170,0,0,2,2
A094280,2,4,0,2
A094360,0,4,0,0
A094480,0,4,0,2
A094820,0,0,0,2
A094840,2,0,0,2
A094850,2,4,2,2
A094860,2,4,0,2
A094940,2,0,0,2
A094970,2,4,0,2
A095190,2,4,2,2
A095270,2,0,0,0
A095340,0,0,0,0
A095500,0,0,2,0
A095570,2,0,0,2
A095610,2,4,0,2
A095660,0,4,2,0
A095700,2,4,0,2
A095720,2,4,0,2
A095910,2,0,0,2
A096040,2,4,0,0
A096240,2,4,0,2
A096350,2,0,0,0
A096530,2,4,0,2
A096610,2,4,0,0
A096630,2,4,0,0
A096640,0,0,0,2
A096690,2,4,0,2
A096760,2,0,0,2
A096770,2,4,0,2
A097230,2,0,0,2
A097520,2,4,0,2
A097780,2,3,0,2
A097800,2,4,0,0
A097870,2,0,0,2
A097950,2,0,0,2
A098120,0,4,0,2
A098460,2,4,0,2
A099190,2,0,2,2
A099220,2,0,0,2
A099320,2,4,0,2
A099440,2,0,0,2
A099520,2,0,2,0
A099750,0,4,0,0
A100030,2,0,0,2
A100090,2,0,0,2
A100120,2,4,0,2
A100130,2,0,0,2
A100220,2,4,0,2
A100250,2,0,0,2
A100590,2,4,0,2
A100660,2,0,0,2
A100700,2,4,0,2
A100790,2,4,0,2
A100840,2,0,2,2
A101140,0,4,0,2
A101160,2,4,2,0
A101170,2,0,0,2
A101240,2,0,0,0
A101330,2,4,0,0
A101360,2,0,2,0
A101390,1,4,2,0
A101490,0,4,2,0
A101530,2,0,0,2
A101670,2,0,3,3
A101730,0,4,0,2
A101930,2,0,0,2
A102120,2,4,0,2
A102260,2,0,0,2
A102280,0,0,0,2
A102460,0,4,2,2
A102710,2,0,0,2
A102940,0,4,0,2
A103140,2,4,2,0
A103590,0,0,0,2
A103840,2,0,0,2
A104040,2,4,2,2
A104200,0,4,0,2
A104460,0,0,0,2
A104480,2,4,0,2
A104540,2,0,0,2
A104620,2,4,0,2
A104700,2,0,0,2
A104830,2,0,0,2
A105330,0,4,2,0
A105550,0,4,0,2
A105560,2,0,0,2
A105630,2,4,0,2
A105740,2,0,2,2
A105840,0,0,0,2
A106080,2,0,0,0
A106190,2,4,0,2
A107590,2,0,0,2
A108230,2,4,0,2
A108320,0,4,0,2
A108380,2,0,0,2
A108490,0,4,2,0
A108670,2,4,0,2
A108860,0,4,2,0
A109070,2,0,0,2
A109080,0,4,2,2
A109610,2,4,2,0
A109740,2,4,0,2
A109820,2,4,0,2
A109860,2,0,2,0
A109960,2,4,0,3
A110790,0,4,0,2
A110990,2,4,0,2
A111110,2,0,0,2
A111710,2,0,0,2
A111770,2,0,2,2
A112040,0,4,0,0
A112610,2,0,2,0
A113810,0,0,0,0
A114090,2,0,2,0
A114190,2,0,2,0
A114450,2,4,2,2
A114630,2,0,0,2
A114810,0,4,0,2
A115160,2,4,2,2
A115180,2,0,0,2
A115310,2,0,2,0
A115390,2,4,0,2
A115440,2,0,0,2
A115450,0,0,0,2
A115480,2,0,2,2
A115500,2,0,0,0
A115610,2,0,0,0
A115960,2,0,2,2
A117580,0,0,0,2
A117730,2,4,0,0
A118000,2,4,0,2
A118990,2,3,2,0
A119500,2,0,0,2
A119610,2,0,0,2
A119650,2,4,0,2
A119830,2,0,0,2
A119850,2,0,0,0
A119860,2,4,0,2
A120030,2,0,0,2
A120110,2,4,0,2
A120240,2,4,2,2
A121440,2,0,0,2
A121600,0,0,2,0
A121800,0,4,0,2
A121850,0,4,2,0
A122310,2,0,0,2
A122350,0,4,2,2
A122450,2,0,0,2
A122640,2,4,2,0
A122690,2,0,0,0
A122870,2,0,0,0
A122900,2,0,0,2
A122990,2,0,0,2
A123010,2,4,3,3
A123040,2,4,0,2
A123410,2,0,0,0
A123420,0,4,0,2
A123570,2,4,0,2
A123690,2,0,2,2
A123700,2,4,2,0
A123750,2,4,2,0
A123860,2,0,0,2
A123890,2,0,0,2
A124500,2,0,0,2
A124560,2,0,0,2
A125210,2,0,2,0
A126340,2,0,0,0
A126560,2,4,0,2
A126600,0,4,0,0
A126640,2,4,0,2
A126700,0,4,2,0
A126880,2,0,0,2
A127120,0,0,0,2
A127710,2,4,0,2
A128540,0,4,0,2
A128660,0,0,0,2
A128820,2,0,0,2
A128940,2,0,0,2
A129260,2,4,0,2
A129890,2,0,0,2
A130500,0,4,2,2
A130580,2,4,0,2
A130660,0,0,0,2
A131030,2,0,0,2
A131090,2,4,0,2
A131100,3,4,0,2
A131220,2,4,0,2
A131290,2,0,0,2
A131370,2,4,0,2
A131400,2,0,0,0
A131760,2,4,0,2
A131970,2,4,0,0
A133750,2,4,2,2
A133820,2,0,0,2
A134380,2,0,0,2
A134580,0,0,0,2
A134790,2,4,2,2
A136480,2,0,0,2
A136490,2,0,0,2
A136510,0,4,0,2
A136540,2,0,0,2
A137400,0,0,0,2
A137950,2,0,0,2
A138040,0,4,2,0
A138070,2,0,0,2
A138080,2,4,0,2
A138490,0,0,0,2
A138580,2,4,0,0
A138610,2,0,0,2
A138930,2,4,0,2
A139050,0,4,0,2
A139130,2,4,0,2
A139480,2,4,0,2
A139670,0,4,2,2
A140070,2,0,0,0
A140410,0,4,0,0
A140520,2,0,0,2
A140670,0,0,0,2
A140860,2,4,2,0
A141000,2,4,0,2
A141080,2,4,2,2
A142210,2,4,2,2
A142280,2,0,0,2
A142760,0,0,0,2
A143160,2,0,0,2
A143210,2,4,0,2
A143240,2,0,0,2
A143540,2,4,0,2
A144510,2,4,0,2
A144960,2,4,0,0
A145020,2,4,2,2
A145210,2,1,2,0
A145720,2,0,2,0
A145990,2,4,0,2
A147760,2,4,0,2
A147830,2,4,0,0
A148150,0,4,0,2
A148250,2,4,2,2
A149950,2,4,2,2
A149980,0,0,2,2
A150840,0,0,0,2
A150900,0,4,0,2
A151860,0,0,0,2
A151910,2,4,0,2
A153460,2,0,0,2
A153490,2,4,0,2
A153710,2,0,0,2
A155650,2,0,0,2
A155660,2,0,0,2
A156100,2,0,0,2
A158430,0,4,0,2
A159580,2,4,2,2
A159910,2,0,2,2
A160550,0,4,2,2
A160600,2,0,0,2
A160980,2,4,0,2
A161000,2,4,0,0
A161390,2,0,0,2
A161580,2,4,0,0
A161890,2,0,2,2
A163560,2,0,0,2
A163730,0,4,0,2
A164060,2,4,2,2
A166090,0,4,0,2
A166480,2,4,0,2
A168330,0,0,0,2
A169330,2,4,0,2
A170030,2,0,0,2
A170790,0,4,2,2
A170900,2,4,0,2
A170920,2,4,2,0
A171010,0,4,0,2
A171090,2,0,2,0
A171120,2,0,0,0
A173130,2,0,2,0
A173940,0,4,0,2
A174900,2,4,2,0
A175140,2,0,0,2
A175250,2,4,0,2
A175330,2,0,0,2
A177350,2,0,2,2
A177830,2,0,0,2
A178320,2,4,2,2
A178780,2,0,0,3
A178920,2,4,0,2
A179290,2,0,2,2
A179900,2,0,2,0
A180400,2,0,0,2
A180640,2,0,0,2
A181340,2,4,0,2
A181710,2,4,0,2
A182360,3,4,2,0
A182400,0,4,2,2
A183190,2,4,0,2
A183300,2,4,0,2
A183490,2,4,0,2
A184230,2,4,0,2
A185490,2,4,0,2
A185750,2,4,0,2
A186230,2,4,0,2
A187220,2,4,2,2
A187270,0,0,0,2
A187420,2,4,2,2
A187870,2,4,0,2
A189300,0,4,2,2
A189330,2,4,2,0
A189690,2,0,0,2
A189860,0,0,0,2
A189980,2,4,0,2
A190510,0,4,2,0
A190650,2,0,0,2
A191420,2,0,0,2
A192080,2,4,2,2
A192250,2,4,0,2
A192400,2,0,0,2
A192410,2,0,0,2
A192440,2,0,0,2
A192650,2,4,0,2
A192820,2,4,2,0
A193250,0,4,0,2
A194370,2,4,0,2
A194480,0,4,2,0
A194700,2,4,0,2
A195500,2,4,0,2
A195870,0,0,0,2
A195990,2,0,0,2
A196170,2,0,0,2
A196300,0,4,0,0
A196450,2,0,0,2
A196490,2,4,0,2
A197140,2,0,0,2
A198440,2,0,0,2
A199800,2,4,0,2
A199820,2,4,0,2
A200130,2,0,2,2
A200230,2,4,0,2
A200350,2,4,2,0
A200470,2,4,0,2
A200670,2,0,2,0
A200710,2,4,2,0
A200780,2,4,0,2
A200880,2,0,0,0
A201490,2,4,0,2
A203400,2,4,0,2
A203450,2,4,2,2
A203650,2,4,0,2
A203690,2,0,0,3
A204020,2,0,0,2
A204270,2,4,0,0
A204320,2,4,0,2
A204620,2,0,2,0
A204840,2,4,0,2
A205100,2,0,0,2
A205470,0,0,2,2
A205500,0,4,2,2
A206400,2,4,0,0
A206560,0,4,2,2
A206640,2,4,0,2
A206650,2,4,0,2
A207760,2,4,2,2
A207940,2,0,0,2
A208140,2,0,0,2
A208340,2,4,0,2
A208370,2,0,0,0
A208640,2,4,0,2
A210540,2,0,0,2
A210980,2,0,0,2
A211050,0,4,0,0
A211270,2,0,0,0
A212560,2,0,2,0
A213420,0,4,2,0
A213500,2,0,0,2
A214150,2,4,2,0
A214180,2,4,0,2
A214260,0,0,0,2
A214270,3,4,0,2
A214320,2,0,0,2
A214330,2,4,0,2
A214370,2,0,2,0
A214390,2,4,2,2
A214420,2,0,2,2
A214430,2,0,0,2
A214450,2,0,0,0
A214610,2,0,0,2
A214680,2,0,0,0
A214870,2,0,2,2
A215000,0,4,0,2
A215090,0,4,0,2
A215100,0,0,0,2
A215200,2,0,0,2
A215360,2,4,2,2
A215600,2,0,0,2
A215790,2,0,0,2
A216050,2,4,0,2
A216080,2,4,2,0
A217190,2,4,0,0
A217270,0,4,2,2
A217330,2,0,0,2
A217500,2,4,0,2
A217620,2,0,0,2
A217730,2,0,2,2
A217820,2,0,0,2
A218150,2,0,0,0
A218410,2,4,2,2
A219130,0,4,2,0
A219420,2,4,0,2
A219550,2,0,0,0
A220100,0,0,0,2
A220180,2,0,0,2
A220260,0,4,2,0
A221840,2,0,0,2
A221980,2,4,0,2
A222040,2,4,0,2
A222080,0,0,0,2
A222110,2,4,0,2
A222420,2,0,0,2
A222800,0,0,0,2
A222810,2,3,0,0
A222980,2,0,0,2
A223250,2,0,0,2
A223310,2,0,0,2
A224110,2,4,0,2
A225190,2,0,0,2
A225220,2,4,0,2
A225530,2,0,0,2
A225570,0,4,0,0
A226320,2,0,2,2
A226330,0,4,0,2
A226340,2,0,0,2
A226400,2,0,0,0
A226440,0,4,0,2
A226950,2,4,2,2
A227100,2,0,0,2
A227840,2,0,0,2
A227950,2,0,0,0
A228340,2,0,0,2
A228670,2,4,2,0
A228760,2,0,0,2
A228850,2,4,2,2
A229000,2,4,0,2
A229640,2,0,0,2
A230240,0,4,2,2
A230360,2,0,2,2
A230980,2,4,2,0
A232140,2,4,0,2
A232680,0,4,0,2
A234080,2,0,0,2
A234100,2,4,0,2
A234300,2,4,2,0
A234340,2,4,0,2
A234690,2,4,2,2
A234920,2,4,2,0
A235980,2,4,2,2
A236200,2,0,0,2
A236810,0,4,0,2
A237690,0,4,0,2
A237820,2,4,0,2
A237880,2,0,2,0
A238090,0,4,0,2
A238120,2,0,0,2
A238200,2,4,2,2
A238490,2,4,0,0
A239340,2,0,0,2
A239610,2,0,0,2
A239890,0,4,0,0
A240810,2,4,0,2
A241520,2,4,0,2
A241560,2,4,2,0
A241590,2,4,0,2
A241690,0,4,0,2
A241710,2,4,2,0
A241770,2,4,0,2
A241790,2,4,2,0
A241820,2,4,2,2
A241840,2,4,2,2
A242040,2,4,2,0
A243070,2,4,0,2
A243840,0,0,0,2
A244460,2,4,2,2
A244920,2,4,0,2
A245620,2,4,0,2
A246690,2,0,0,2
A246710,0,4,0,2
A246720,2,0,0,0
A246960,2,0,0,2
A247540,0,4,0,0
A247660,0,4,2,2
A248070,2,0,0,2
A248170,2,0,0,2
A249420,0,0,2,2
A250000,2,0,0,2
A250060,2,4,2,0
A251270,2,4,0,2
A251370,2,4,2,2
A251630,2,0,0,0
A251970,2,0,0,2
A252500,2,0,2,2
A252990,2,4,0,2
A253450,2,4,2,2
A253590,2,0,0,2
A253840,2,0,2,2
A254120,2,4,0,0
A255220,2,4,0,2
A255440,2,4,0,0
A256150,2,0,0,2
A256630,2,4,0,2
A256840,0,4,0,2
A256940,2,4,2,0
A257370,2,0,0,2
A258610,2,4,0,2
A258830,0,4,2,0
A259630,2,0,0,2
A260660,2,4,0,2
A260930,0,4,0,2
A260970,2,0,0,2
A261200,2,0,0,2
A262260,2,4,2,0
A262840,2,4,0,2
A263020,2,4,0,2
A263050,2,4,2,2
A263540,1,4,0,2
A263600,2,4,2,0
A263690,2,4,2,2
A263700,2,4,2,0
A263720,2,4,2,2
A263750,0,4,0,2
A263770,2,4,2,0
A263800,0,0,2,0
A263810,2,0,0,0
A263860,0,4,2,0
A263920,2,0,0,2
A264450,2,4,0,2
A264660,2,0,0,2
A264850,2,0,0,2
A264900,2,0,2,2
A265520,2,4,2,2
A265560,0,4,0,2
A265740,2,4,0,2
A267250,2,0,0,2
A267260,2,0,2,0
A267270,2,0,2,0
A267290,2,0,2,2
A267320,2,0,0,2
A267790,2,0,0,2
A267850,2,0,2,2
A267980,2,0,0,2
A268280,2,0,0,2
A268600,2,4,0,2
A269620,2,0,0,2
A270520,2,0,2,0
A270660,2,4,0,2
A270870,2,4,0,2
A271560,2,0,2,2
A271980,2,4,2,2
A272110,2,4,2,0
A272210,2,0,0,2
A272290,2,4,0,2
A272450,2,0,2,2
A272550,2,4,0,2
A273060,2,4,2,2
A274090,2,0,2,0
A276730,2,0,0,2
A277070,2,0,0,0
A277410,2,0,0,2
A277810,2,0,2,0
A277880,2,0,0,0
A278280,0,4,0,2
A278650,2,0,0,2
A279600,2,4,2,0
A280360,2,0,0,2
A281740,0,0,2,0
A281820,2,4,0,2
A282330,2,0,0,2
A282690,2,0,0,2
A282880,0,0,0,2
A284620,2,0,3,3
A284740,2,4,0,2
A285130,2,4,0,2
A285490,2,4,0,2
A286750,2,4,0,0
A286940,2,4,0,2
A287410,0,0,2,2
A288330,2,4,2,2
A288620,2,0,2,2
A289010,2,4,0,2
A289080,2,0,0,2
A289220,0,4,0,2
A290120,2,0,0,2
A290380,2,4,0,2
A290520,2,4,2,0
A290550,2,4,0,2
A290650,2,0,0,2
A290670,2,0,2,0
A290690,2,0,0,0
A290720,0,4,0,2
A290740,2,0,0,2
A291230,0,4,0,2
A291650,2,0,0,2
A293480,2,0,0,2
A293490,0,4,0,2
A293580,2,0,2,2
A293780,2,4,0,2
A294090,2,4,0,0
A294140,2,0,0,0
A294570,2,4,2,2
A294630,2,4,0,2
A294870,2,4,0,2
A297090,2,0,0,2
A297570,2,4,2,2
A297890,0,4,2,0
A298000,2,4,0,2
A298020,2,4,0,2
A298040,2,0,2,0
A298050,0,4,0,2
A298060,2,4,2,0
A298380,2,0,0,2
A298540,2,0,2,2
A298690,2,4,3,0
A299030,2,0,2,0
A299170,2,4,2,2
A299660,2,4,0,2
A299900,0,4,0,2
A300080,0,4,2,0
A300120,2,0,0,2
A300720,2,4,0,2
A301300,0,4,0,2
A302430,2,4,2,0
A302440,0,4,0,2
A302550,2,4,2,2
A303030,2,4,0,2
A303360,2,4,2,0
A304100,2,4,2,0
A304840,2,4,2,0
A305090,2,4,0,0
A306040,2,0,0,2
A306200,2,0,0,2
A306620,2,0,0,2
A307180,0,4,0,2
A307280,2,4,0,2
A307750,0,4,2,2
A307870,0,4,2,2
A307930,2,4,0,2
A307950,2,0,0,2
A308100,2,0,0,2
A308170,2,4,2,0
A309930,0,4,0,0
A310200,0,4,2,0
A311390,0,0,0,2
A311690,0,4,2,2
A312610,2,4,2,0
A313760,0,4,0,2
A314130,2,4,0,2
A314930,2,4,0,0
A316140,2,0,0,2
A317120,2,4,0,2
A317240,2,0,0,2
A317330,0,4,0,0
A317400,2,4,0,2
A317530,2,4,2,0
A317690,2,4,0,2
A317770,2,0,0,0
A317830,0,0,0,0
A317850,2,0,2,0
A317870,2,0,0,2
A318000,2,4,2,0
A318010,0,0,0,2
A318020,2,0,0,2
A318410,2,4,0,2
A319400,2,4,0,0
A319660,2,4,0,2
A320000,2,0,2,0
A321260,0,4,2,0
A321550,2,0,0,2
A322000,2,0,2,0
A322180,2,4,0,0
A322310,2,4,2,0
A322510,2,4,0,0
A322780,2,4,2,2
A323280,2,0,0,2
A323990,2,0,2,0
A326030,2,4,0,2
A327260,2,4,2,2
A330350,2,4,2,2
A330860,2,4,0,2
A331520,2,0,0,2
A332290,2,0,0,0
A332370,2,0,0,2
A332570,2,4,0,2
A333430,2,0,2,0
A333620,2,4,0,2
A334970,2,4,0,2
A335810,2,4,0,2
A335890,2,0,2,0
A336060,0,4,0,2
A336260,2,4,0,2
A336370,0,4,0,2
A336570,2,0,2,0
A337930,2,4,0,2
A338220,2,4,0,0
A339770,2,4,0,2
A339950,0,4,0,2
A340440,0,0,0,2
A340570,2,4,0,0
A340930,2,4,2,0
A344820,2,0,0,2
A347700,2,4,0,2
A347740,2,4,0,2
A347770,0,4,0,0
A347860,0,4,0,2
A347890,2,0,0,2
A348030,2,4,2,2
A348150,2,4,0,2
A348210,2,0,0,0
A348350,2,4,0,2
A351320,0,4,0,0
A351330,2,4,0,2
A352480,2,0,2,0
A352700,2,4,0,2
A352770,2,4,2,0
A352820,0,4,2,0
A352940,2,4,0,2
A353190,2,4,0,2
A353200,0,0,0,2
A353810,2,0,0,2
A354200,2,4,2,2
A355150,2,0,0,0
A356860,2,0,0,2
A356890,2,4,2,0
A357230,2,4,0,2
A357550,2,0,2,0
A357780,2,0,0,2
A359090,2,0,0,2
A361390,2,4,0,2
A361610,2,4,0,2
A363250,2,0,2,0
A363260,2,4,0,2
A363280,2,4,0,2
A365590,2,0,0,0
A368770,2,0,0,2
A369370,0,4,0,2
A373200,2,0,0,2
A375500,2,4,0,2
A378850,2,4,2,0
A383220,0,4,2,2
A383310,0,4,2,0
A383800,2,0,0,2
